HLA-A-F-3KB	ggatactcacgacgcgga
HLA-A-R-3kb	ttgcagaaacaaagtcagggt
HLA-B-F1	tgtcgggtccttcttccag
HLA-B-R2	ggaacaagaaagatgactgggg
HLA-C-F-UTR1	tgtgacaaagatgcttggtgt
HLA-C-R1	aggaaagatgatcggggagg
DRB1-F-3KB	tggagaggtctgttttccc
DRB1-R4	ggggaggttcaaaagaggga
DRB1-R5	tgacatttggatcaaggcagtg
DQA1-F3a	ATGGCAAGGATAAGGAGGCT
DQA1-F3b	gagtcaaggtttattgcaaggat
DQA1-R2	atgccacttcccaattcccc
DQB1-F-I1a-N	ggcgggaacttgtggtcg
DQB1-F-I1b-N	ggcgggaactggaggtcg
DQB1-R-3KB	tcagggataagagatgggaagg
DPB1-F3	ggatggaaatgtcagtcaggg
DPB1-R-3KB*	gggtcaagtgctcctagaga

